{
    "metrics": {
        "http_req_sending": {
            "avg": 0.00987511478420569,
            "min": 0,
            "med": 0,
            "max": 1.507,
            "p(90)": 0,
            "p(95)": 0
        },
        "login_fail_rate": {
            "passes": 0,
            "fails": 1089,
            "thresholds": {
                "rate<0.01": false
            },
            "value": 0
        },
        "http_req_blocked": {
            "avg": 0.6518802571166209,
            "min": 0,
            "med": 0,
            "max": 29.2992,
            "p(90)": 0,
            "p(95)": 0
        },
        "http_req_tls_handshaking": {
            "p(95)": 0,
            "avg": 0,
            "min": 0,
            "med": 0,
            "max": 0,
            "p(90)": 0
        },
        "vus": {
            "max": 50,
            "value": 2,
            "min": 0
        },
        "data_received": {
            "count": 797148,
            "rate": 6610.627177037932
        },
        "iterations": {
            "count": 1089,
            "rate": 9.03091144404089
        },
        "vus_max": {
            "value": 50,
            "min": 50,
            "max": 50
        },
        "http_req_waiting": {
            "avg": 1938.8437073461907,
            "min": 107.1007,
            "med": 1487.1781,
            "max": 8265.2669,
            "p(90)": 4588.216020000001,
            "p(95)": 5189.05812
        },
        "login_duration": {
            "p(90)": 4589.0212200000005,
            "p(95)": 5189.463479999999,
            "avg": 1939.106945638201,
            "min": 107.1007,
            "med": 1487.1781,
            "max": 8265.2669,
            "thresholds": {
                "p(95)<800": true
            }
        },
        "http_req_connecting": {
            "avg": 0.6451192837465566,
            "min": 0,
            "med": 0,
            "max": 28.6438,
            "p(90)": 0,
            "p(95)": 0
        },
        "http_req_duration": {
            "min": 107.1007,
            "med": 1487.1781,
            "max": 8265.2669,
            "p(90)": 4589.0212200000005,
            "p(95)": 5189.463479999999,
            "avg": 1939.106945638201,
            "thresholds": {
                "p(95)<500": true
            }
        },
        "http_req_receiving": {
            "avg": 0.25336317722681356,
            "min": 0,
            "med": 0,
            "max": 1.5182,
            "p(90)": 0.8546000000000001,
            "p(95)": 0.9846599999999999
        },
        "data_sent": {
            "count": 207999,
            "rate": 1724.90408581181
        },
        "iteration_duration": {
            "avg": 2940.3242236914602,
            "min": 1107.2125,
            "med": 2487.6156,
            "max": 9265.6213,
            "p(90)": 5589.15502,
            "p(95)": 6189.863659999999
        },
        "http_reqs": {
            "count": 1089,
            "rate": 9.03091144404089
        },
        "http_req_failed": {
            "passes": 0,
            "fails": 1089,
            "thresholds": {
                "rate<0.01": false
            },
            "value": 0
        },
        "http_req_duration{expected_response:true}": {
            "max": 8265.2669,
            "p(90)": 4589.0212200000005,
            "p(95)": 5189.463479999999,
            "avg": 1939.106945638201,
            "min": 107.1007,
            "med": 1487.1781
        },
        "checks": {
            "passes": 2178,
            "fails": 0,
            "value": 1
        }
    },
    "root_group": {
        "name": "",
        "path": "",
        "id": "d41d8cd98f00b204e9800998ecf8427e",
        "groups": {},
        "checks": {
                "로그인 성공 (200)": {
                    "name": "로그인 성공 (200)",
                    "path": "::로그인 성공 (200)",
                    "id": "3a4b89c41360076494b8659c9ff54fe5",
                    "passes": 1089,
                    "fails": 0
                },
                "accessToken 존재": {
                    "name": "accessToken 존재",
                    "path": "::accessToken 존재",
                    "id": "dbab22cb0869f18ddaea75fac75d54b6",
                    "passes": 1089,
                    "fails": 0
                }
            }
    }
}